INSERT INTO MOVIE_TECHNICAL_TEAM_BRIDGE values (1, 401);
INSERT INTO MOVIE_TECHNICAL_TEAM_BRIDGE values (2, 402);
INSERT INTO MOVIE_TECHNICAL_TEAM_BRIDGE values (3, 403);
INSERT INTO MOVIE_TECHNICAL_TEAM_BRIDGE values (4, 404);
INSERT INTO MOVIE_TECHNICAL_TEAM_BRIDGE values (5, 405);
INSERT INTO MOVIE_TECHNICAL_TEAM_BRIDGE values (6, 406);
INSERT INTO MOVIE_TECHNICAL_TEAM_BRIDGE values (7, 407);
INSERT INTO MOVIE_TECHNICAL_TEAM_BRIDGE values (8, 408);
INSERT INTO MOVIE_TECHNICAL_TEAM_BRIDGE values (9, 409);
INSERT INTO MOVIE_TECHNICAL_TEAM_BRIDGE values (10, 410);
INSERT INTO MOVIE_TECHNICAL_TEAM_BRIDGE values (11, 411);
INSERT INTO MOVIE_TECHNICAL_TEAM_BRIDGE values (12, 412);
INSERT INTO MOVIE_TECHNICAL_TEAM_BRIDGE values (13, 413);
INSERT INTO MOVIE_TECHNICAL_TEAM_BRIDGE values (14, 414);
INSERT INTO MOVIE_TECHNICAL_TEAM_BRIDGE values (15, 415);
INSERT INTO MOVIE_TECHNICAL_TEAM_BRIDGE values (16, 416);
INSERT INTO MOVIE_TECHNICAL_TEAM_BRIDGE values (17, 417);
INSERT INTO MOVIE_TECHNICAL_TEAM_BRIDGE values (18, 418);
INSERT INTO MOVIE_TECHNICAL_TEAM_BRIDGE values (19, 404);
INSERT INTO MOVIE_TECHNICAL_TEAM_BRIDGE values (20, 402);

INSERT INTO ACTOR VALUES (1, 'Benicio Del Toro', 1, '2/19/1967');
INSERT INTO ACTOR VALUES (2, 'Jim Broadbent', 1, '5/24/1949');
INSERT INTO ACTOR VALUES (3, 'Chris Cooper', 1, '7/9/1951');
INSERT INTO ACTOR VALUES (4, 'Tim Robbins', 1, '10/16/1958');
INSERT INTO ACTOR VALUES (5, 'Morgan Freeman', 2, '6/1/1937');
INSERT INTO ACTOR VALUES (6, 'George Clooney', 1, '5/6/1961');
INSERT INTO ACTOR VALUES (7, 'Alan Arkin', 1, '3/26/1934');
INSERT INTO ACTOR VALUES (8, 'Javier Bardem', 1, '3/1/1969');
INSERT INTO ACTOR VALUES (9, 'Heath Ledger', 1, '4/4/1979');
INSERT INTO ACTOR VALUES (10, 'Christoph Waltz', 1, '10/4/1956');
INSERT INTO ACTOR VALUES (11, 'Christian Bale', 2, '1/30/1974');
INSERT INTO ACTOR VALUES (12, 'Christopher Plummer', 1, '12/13/1929');
INSERT INTO ACTOR VALUES (13, 'Jared Leto', 1, '12/26/1971');
INSERT INTO ACTOR VALUES (14, 'Matthew McConaughey', 1, '11/4/1969');
INSERT INTO ACTOR VALUES (15, 'Lupita Nyongo', 1, '3/1/1983');
INSERT INTO ACTOR VALUES (16, 'Eddie Redmayne', 1, '1/6/1982');
INSERT INTO ACTOR VALUES (17, 'Julianne Moore', 3, '12/3/1960');
INSERT INTO ACTOR VALUES (18, 'J.K. Simmons', 2, '1/9/1955');
INSERT INTO ACTOR VALUES (19, 'Patricia Arquette', 3, '4/8/1968');
INSERT INTO ACTOR VALUES (20, 'Leonardo DiCaprio', 1, '11/11/1974');
INSERT INTO ACTOR VALUES (21, 'Mark Rylance', 1, '1/18/1960');
INSERT INTO ACTOR VALUES (22, 'Alicia Vikander', 1, '10/3/1988');
INSERT INTO ACTOR VALUES (23, 'Brie Larson', 1, '10/1/1989');

INSERT INTO BOXOFFICE VALUES (12313, 1114112, 1000000);
INSERT INTO BOXOFFICE VALUES (21245, 3251677, 1500000);
INSERT INTO BOXOFFICE VALUES (34124, 222452, 300000);
INSERT INTO BOXOFFICE VALUES (41124, 9974722, 100000);
INSERT INTO BOXOFFICE VALUES (54637, 88728839, 10000000);
INSERT INTO BOXOFFICE VALUES (64578, 14009829, 4208189);
INSERT INTO BOXOFFICE VALUES (72356, 9998113, 3882912);
INSERT INTO BOXOFFICE VALUES (82223, 4000020, 1400011);
INSERT INTO BOXOFFICE VALUES (92367, 100020004, 12983222);
INSERT INTO BOXOFFICE VALUES (10223, 7728991, 9629838);
INSERT INTO BOXOFFICE VALUES (11223, 90388229, 3241242);
INSERT INTO BOXOFFICE VALUES (12236, 4676288, 4125662);
INSERT INTO BOXOFFICE VALUES (13113, 3254522, 1245212);
INSERT INTO BOXOFFICE VALUES (14111, 10000000, 2500000);
INSERT INTO BOXOFFICE VALUES (15112, 14545722, 9882727);
INSERT INTO BOXOFFICE VALUES (16454, 37828899, 22488923);
INSERT INTO BOXOFFICE VALUES (17356, 23432553, 23241122);
INSERT INTO BOXOFFICE VALUES (18124, 3333221, 231224);
INSERT INTO BOXOFFICE VALUES (19666, 2249292, 400000);
INSERT INTO BOXOFFICE VALUES (20123, 191772992, 100000000);
INSERT INTO BOXOFFICE VALUES (21156, 37377828, 18393993);
INSERT INTO BOXOFFICE VALUES (22155, 11339282, 12231244);

INSERT INTO MOVIE values (1, 'Sicario', 1997, 1, 12313, 401);
INSERT INTO MOVIE values (2, 'Moulin Rouge!', 1998, 1, 21245, 402);
INSERT INTO MOVIE values (3, 'Adaptation.', 1999, 1, 34124, 403);
INSERT INTO MOVIE values (4, 'Mystic River', 2000, 1, 41124, 404);
INSERT INTO MOVIE values (5, 'Se7en', 2001, 2, 54637, 405);
INSERT INTO MOVIE values (6, 'Michael Clayton', 2002, 1, 64578, 406);
INSERT INTO MOVIE values (7, 'Argo', 2003, 1, 72356, 407);
INSERT INTO MOVIE values (8, 'Skyfall', 2004, 2, 82223, 408);
INSERT INTO MOVIE values (9, 'Brokeback Mountain', 2005, 1, 92367, 409);
INSERT INTO MOVIE values (10, 'Django Unchained', 2006, 5, 10223, 410);
INSERT INTO MOVIE values (11, 'The Dark Knight', 2007, 1, 11223, 411);
INSERT INTO MOVIE values (12, 'Beginners', 2008, 1, 12236, 412);
INSERT INTO MOVIE values (13, 'Dallas Buyers Club', 2009, 1, 13113, 413);
INSERT INTO MOVIE values (14, '12 Years a Slave', 2011, 4, 14111, 414);
INSERT INTO MOVIE values (15, 'Les Miserables', 2012, 3, 15112, 415);
INSERT INTO MOVIE values (16, 'Far from Heaven', 2013, 1, 16454, 416);
INSERT INTO MOVIE values (17, 'Whiplash', 2014, 1, 17356, 417);
INSERT INTO MOVIE values (18, 'True Romance', 2015, 1, 18124, 418);
INSERT INTO MOVIE values (19, 'Inception', 2016, 2, 19666, 419);
INSERT INTO MOVIE values (20, 'Ex Machina', 2017, 1, 20123, 420);
INSERT INTO MOVIE values (21, 'Bridge of Spies', 2018, 1, 21156, 420);
INSERT INTO MOVIE values (22, 'Room', 2019, 1, 22155, 420);

INSERT INTO REVIEW values (1, 'Good', 12313, 1);
INSERT INTO REVIEW values (2, 'Good', 21245, 2);
INSERT INTO REVIEW values (3, 'Good', 34124, 3);
INSERT INTO REVIEW values (4, 'Good', 41124, 4);
INSERT INTO REVIEW values (5, 'Good', 54637, 5);
INSERT INTO REVIEW values (6, 'Good', 64578, 6);
INSERT INTO REVIEW values (7, 'Good', 72356, 7);
INSERT INTO REVIEW values (8, 'Good', 82223, 8);
INSERT INTO REVIEW values (9, 'Good', 92367, 9);
INSERT INTO REVIEW values (1, 'Good', 10223, 10);
INSERT INTO REVIEW values (2, 'Good', 11223, 11);
INSERT INTO REVIEW values (3, 'Amazing', 12236, 12);
INSERT INTO REVIEW values (4, 'Amazing', 13113, 13);
INSERT INTO REVIEW values (5, 'Amazing', 14111, 14);
INSERT INTO REVIEW values (6, 'Amazing', 15112, 15);
INSERT INTO REVIEW values (7, 'Amazing', 16454, 16);
INSERT INTO REVIEW values (8, 'Amazing', 17356, 17);;
INSERT INTO REVIEW values (9, 'Amazing', 18124, 18);
INSERT INTO REVIEW values (10, 'Amazing', 19666, 19);
INSERT INTO REVIEW values (10, 'Amazing', 20123, 20);
INSERT INTO REVIEW values (6, 'Amazing', 21156, 21);
INSERT INTO REVIEW values (7, 'Amazing', 22155, 22);

INSERT INTO GENRE values (1, 'Action');
INSERT INTO GENRE values (2, 'Sports');
INSERT INTO GENRE values (3, 'Documentary');
INSERT INTO GENRE values (4, 'Rom-Com');
INSERT INTO GENRE values (5, 'Drama');
INSERT INTO GENRE values (6, 'Thriller');
INSERT INTO GENRE values (7, 'Suspense');

INSERT INTO PRODUCER values (9001, 'Janet Gaynor', 1);
INSERT INTO PRODUCER values (9002, 'Mary Pickford', 1);
INSERT INTO PRODUCER values (9003, 'Norma Shearer', 1);
INSERT INTO PRODUCER values (9004, 'Marie Dressler', 1);
INSERT INTO PRODUCER values (9005, 'Helen Hayes', 1);
INSERT INTO PRODUCER values (9006, 'Katharine Hepburn', 1);
INSERT INTO PRODUCER values (9007, 'Claudette Colbert', 1);
INSERT INTO PRODUCER values (9008, 'Bette Davis', 1);
INSERT INTO PRODUCER values (9009, 'Luise Rainer', 2);
INSERT INTO PRODUCER values (9010, 'Vivien Leigh', 3);
INSERT INTO PRODUCER values (9011, 'Ginger Rogers', 4);
INSERT INTO PRODUCER values (9012, 'Joan Fontaine', 5);
INSERT INTO PRODUCER values (9013, 'Greer Garson', 6);
INSERT INTO PRODUCER values (9014, 'Jennifer Jones', 7);
INSERT INTO PRODUCER values (9015, 'Ingrid Bergman', 8);
INSERT INTO PRODUCER values (9016, 'Joan Crawford', 1);
INSERT INTO PRODUCER values (9017, 'Olivia de Havilland', 1);
INSERT INTO PRODUCER values (9018, 'Loretta Young', 1);
INSERT INTO PRODUCER values (9019, 'Jane Wyman', 1);
INSERT INTO PRODUCER values (9020, 'Judy Holliday', 1);

INSERT INTO NOMINATIONS values (701, 1998, 'Acting', 10);
INSERT INTO NOMINATIONS values (702, 1999, 'Acting', 11);
INSERT INTO NOMINATIONS values (703, 2000, 'Acting', 12);
INSERT INTO NOMINATIONS values (704, 2001, 'Acting', 13);
INSERT INTO NOMINATIONS values (705, 2002, 'Acting', 14);
INSERT INTO NOMINATIONS values (706, 2003, 'Acting', 15);
INSERT INTO NOMINATIONS values (707, 2004, 'Production', 16);
INSERT INTO NOMINATIONS values (708, 2005, 'Production', 17);
INSERT INTO NOMINATIONS values (709, 2006, 'Production', 18);
INSERT INTO NOMINATIONS values (710, 2007, 'Production', 19);
INSERT INTO NOMINATIONS values (711, 2008, 'Production', 20);
INSERT INTO NOMINATIONS values (712, 2009, 'Screenplay', 21);
INSERT INTO NOMINATIONS values (713, 2010, 'Screenplay', 22);
INSERT INTO NOMINATIONS values (714, 2011, 'Screenplay', 23);
INSERT INTO NOMINATIONS values (715, 2012, 'Screenplay', 24);
INSERT INTO NOMINATIONS values (716, 2013, 'Screenplay', 25);
INSERT INTO NOMINATIONS values (717, 2014, 'Directing', 26);
INSERT INTO NOMINATIONS values (718, 2015, 'Directing', 27);
INSERT INTO NOMINATIONS values (719, 2016, 'Directing', 28);
INSERT INTO NOMINATIONS values (720, 2017, 'Directing', 29);

INSERT INTO TECHNICAL_TEAM values (401, 'TEAM 1', 'Makeup', 10);
INSERT INTO TECHNICAL_TEAM values (402, 'TEAM 2', 'Support Cast', 10);
INSERT INTO TECHNICAL_TEAM values (403, 'TEAM 3', 'Makeup', 10);
INSERT INTO TECHNICAL_TEAM values (404, 'TEAM 4', 'Support Cast', 10);
INSERT INTO TECHNICAL_TEAM values (405, 'TEAM 5', 'Makeup', 10);
INSERT INTO TECHNICAL_TEAM values (406, 'TEAM 6', 'Support Cast', 10);
INSERT INTO TECHNICAL_TEAM values (407, 'TEAM 7', 'Makeup', 10);
INSERT INTO TECHNICAL_TEAM values (408, 'TEAM 8', 'Support Cast', 10);
INSERT INTO TECHNICAL_TEAM values (409, 'TEAM 9', 'Makeup', 18);
INSERT INTO TECHNICAL_TEAM values (410, 'TEAM 10', 'Support Cast', 19);
INSERT INTO TECHNICAL_TEAM values (411, 'TEAM 11', 'Makeup', 20);
INSERT INTO TECHNICAL_TEAM values (412, 'TEAM 12', 'Support Cast', 21);
INSERT INTO TECHNICAL_TEAM values (413, 'TEAM 13', 'Makeup', 22);
INSERT INTO TECHNICAL_TEAM values (414, 'TEAM 14', 'Support Cast', 10);
INSERT INTO TECHNICAL_TEAM values (415, 'TEAM 15', 'Screenplay', 11);
INSERT INTO TECHNICAL_TEAM values (416, 'TEAM 16', 'Screenplay', 11);
INSERT INTO TECHNICAL_TEAM values (417, 'TEAM 17', 'Screenplay', 11);
INSERT INTO TECHNICAL_TEAM values (418, 'TEAM 18', 'Screenplay', 11);
INSERT INTO TECHNICAL_TEAM values (419, 'TEAM 19', 'Screenplay', 11);
INSERT INTO TECHNICAL_TEAM values (420, 'TEAM 20', 'Directing', 29);


INSERT INTO MOVIE_NOMINATION_BRIDGE values (1, 701);
INSERT INTO MOVIE_NOMINATION_BRIDGE values (2, 702);
INSERT INTO MOVIE_NOMINATION_BRIDGE values (3, 703);
INSERT INTO MOVIE_NOMINATION_BRIDGE values (4, 704);
INSERT INTO MOVIE_NOMINATION_BRIDGE values (5, 705);
INSERT INTO MOVIE_NOMINATION_BRIDGE values (6, 706);
INSERT INTO MOVIE_NOMINATION_BRIDGE values (7, 707);
INSERT INTO MOVIE_NOMINATION_BRIDGE values (8, 708);
INSERT INTO MOVIE_NOMINATION_BRIDGE values (9, 709);
INSERT INTO MOVIE_NOMINATION_BRIDGE values (10, 710);
INSERT INTO MOVIE_NOMINATION_BRIDGE values (11, 711);
INSERT INTO MOVIE_NOMINATION_BRIDGE values (12, 712);
INSERT INTO MOVIE_NOMINATION_BRIDGE values (13, 713);
INSERT INTO MOVIE_NOMINATION_BRIDGE values (14, 714);
INSERT INTO MOVIE_NOMINATION_BRIDGE values (15, 715);
INSERT INTO MOVIE_NOMINATION_BRIDGE values (16, 716);
INSERT INTO MOVIE_NOMINATION_BRIDGE values (17, 717);
INSERT INTO MOVIE_NOMINATION_BRIDGE values (18, 718);
INSERT INTO MOVIE_NOMINATION_BRIDGE values (19, 719);
INSERT INTO MOVIE_NOMINATION_BRIDGE values (20, 720);

INSERT INTO ACTOR_MOVIE_BRIDGE values (6, 10);
INSERT INTO ACTOR_MOVIE_BRIDGE values (7, 11);
INSERT INTO ACTOR_MOVIE_BRIDGE values (8, 12);
INSERT INTO ACTOR_MOVIE_BRIDGE values (9, 13);
INSERT INTO ACTOR_MOVIE_BRIDGE values (10, 14);
INSERT INTO ACTOR_MOVIE_BRIDGE values (11, 15);
INSERT INTO ACTOR_MOVIE_BRIDGE values (12, 16);
INSERT INTO ACTOR_MOVIE_BRIDGE values (13, 17);
INSERT INTO ACTOR_MOVIE_BRIDGE values (14, 18);
INSERT INTO ACTOR_MOVIE_BRIDGE values (15, 19);
INSERT INTO ACTOR_MOVIE_BRIDGE values (16, 20);
INSERT INTO ACTOR_MOVIE_BRIDGE values (17, 21);
INSERT INTO ACTOR_MOVIE_BRIDGE values (18, 22);
INSERT INTO ACTOR_MOVIE_BRIDGE values (19, 23);
INSERT INTO ACTOR_MOVIE_BRIDGE values (20, 24);
INSERT INTO ACTOR_MOVIE_BRIDGE values (21, 25);
INSERT INTO ACTOR_MOVIE_BRIDGE values (22, 26);
INSERT INTO ACTOR_MOVIE_BRIDGE values (23, 27);
INSERT INTO ACTOR_MOVIE_BRIDGE values (24, 28);
INSERT INTO ACTOR_MOVIE_BRIDGE values (25, 29);

INSERT INTO ACTOR_NOMINATION_BRIDGE values (24, 701);
INSERT INTO ACTOR_NOMINATION_BRIDGE values (23, 702);
INSERT INTO ACTOR_NOMINATION_BRIDGE values (22, 703);
INSERT INTO ACTOR_NOMINATION_BRIDGE values (21, 704);
INSERT INTO ACTOR_NOMINATION_BRIDGE values (20, 705);
INSERT INTO ACTOR_NOMINATION_BRIDGE values (19, 706);
INSERT INTO ACTOR_NOMINATION_BRIDGE values (18, 707);
INSERT INTO ACTOR_NOMINATION_BRIDGE values (17, 708);
INSERT INTO ACTOR_NOMINATION_BRIDGE values (16, 709);
INSERT INTO ACTOR_NOMINATION_BRIDGE values (15, 710);
INSERT INTO ACTOR_NOMINATION_BRIDGE values (14, 711);
INSERT INTO ACTOR_NOMINATION_BRIDGE values (13, 712);
INSERT INTO ACTOR_NOMINATION_BRIDGE values (12, 713);
INSERT INTO ACTOR_NOMINATION_BRIDGE values (11, 714);
INSERT INTO ACTOR_NOMINATION_BRIDGE values (10, 715);
INSERT INTO ACTOR_NOMINATION_BRIDGE values (9, 716);
INSERT INTO ACTOR_NOMINATION_BRIDGE values (8, 717);
INSERT INTO ACTOR_NOMINATION_BRIDGE values (7, 718);
INSERT INTO ACTOR_NOMINATION_BRIDGE values (6, 719);
INSERT INTO ACTOR_NOMINATION_BRIDGE values (5, 720);

INSERT INTO PRODUCER_MOVIE_BRIDGE values (9001, 5);
INSERT INTO PRODUCER_MOVIE_BRIDGE values (9002, 6);
INSERT INTO PRODUCER_MOVIE_BRIDGE values (9003, 7);
INSERT INTO PRODUCER_MOVIE_BRIDGE values (9004, 8);
INSERT INTO PRODUCER_MOVIE_BRIDGE values (9005, 9);
INSERT INTO PRODUCER_MOVIE_BRIDGE values (9006, 10);
INSERT INTO PRODUCER_MOVIE_BRIDGE values (9007, 11);
INSERT INTO PRODUCER_MOVIE_BRIDGE values (9008, 12);
INSERT INTO PRODUCER_MOVIE_BRIDGE values (9009, 13);
INSERT INTO PRODUCER_MOVIE_BRIDGE values (9010, 14);
INSERT INTO PRODUCER_MOVIE_BRIDGE values (9011, 15);
INSERT INTO PRODUCER_MOVIE_BRIDGE values (9012, 16);
INSERT INTO PRODUCER_MOVIE_BRIDGE values (9013, 17);
INSERT INTO PRODUCER_MOVIE_BRIDGE values (9014, 18);
INSERT INTO PRODUCER_MOVIE_BRIDGE values (9015, 19);
INSERT INTO PRODUCER_MOVIE_BRIDGE values (9016, 20);
INSERT INTO PRODUCER_MOVIE_BRIDGE values (9017, 21);
INSERT INTO PRODUCER_MOVIE_BRIDGE values (9018, 22);
INSERT INTO PRODUCER_MOVIE_BRIDGE values (9019, 23);
INSERT INTO PRODUCER_MOVIE_BRIDGE values (9020, 24);


INSERT INTO GENRE_MOVIE_BRIDGE values (1, 1);
INSERT INTO GENRE_MOVIE_BRIDGE values (2, 2);
INSERT INTO GENRE_MOVIE_BRIDGE values (3, 3);
INSERT INTO GENRE_MOVIE_BRIDGE values (4, 4);
INSERT INTO GENRE_MOVIE_BRIDGE values (5, 5);
INSERT INTO GENRE_MOVIE_BRIDGE values (6, 6);
INSERT INTO GENRE_MOVIE_BRIDGE values (7, 7);
INSERT INTO GENRE_MOVIE_BRIDGE values (7, 8);
INSERT INTO GENRE_MOVIE_BRIDGE values (7, 9);
INSERT INTO GENRE_MOVIE_BRIDGE values (7, 10);
INSERT INTO GENRE_MOVIE_BRIDGE values (7, 11);
INSERT INTO GENRE_MOVIE_BRIDGE values (7, 12);
INSERT INTO GENRE_MOVIE_BRIDGE values (7, 13);
INSERT INTO GENRE_MOVIE_BRIDGE values (7, 14);
INSERT INTO GENRE_MOVIE_BRIDGE values (3, 15);
INSERT INTO GENRE_MOVIE_BRIDGE values (4, 16);
INSERT INTO GENRE_MOVIE_BRIDGE values (4, 17);
INSERT INTO GENRE_MOVIE_BRIDGE values (4, 18);
INSERT INTO GENRE_MOVIE_BRIDGE values (6, 19);
INSERT INTO GENRE_MOVIE_BRIDGE values (7, 20);



